INSERT INTO Unidade_Escola (Cidade, Estado, Pais, Predio_Bloco) VALUES
('São Carlos', 'SP', 'Brasil', 'Campus Principal - Bloco A'),
('São Paulo', 'SP', 'Brasil', 'Unidade Paulista - Edifício Central'),
('Rio de Janeiro', 'RJ', 'Brasil', 'Campus Urca - Bloco de Humanas'),
('Belo Horizonte', 'MG', 'Brasil', 'Unidade Pampulha - Prédio de Engenharia'),
('Curitiba', 'PR', 'Brasil', 'Campus Botânico - Centro de Pesquisa'),
('Porto Alegre', 'RS', 'Brasil', 'Campus do Vale - Bloco de Exatas'),
('Salvador', 'BA', 'Brasil', 'Campus Ondina - Pavilhão de Aulas 1'),
('Recife', 'PE', 'Brasil', 'Unidade Santo Amaro - Bloco de Saúde'),
('Fortaleza', 'CE', 'Brasil', 'Campus do Pici - Bloco de Tecnologia'),
('Manaus', 'AM', 'Brasil', 'Unidade Coroado - Setor Norte'),
('São Carlos', 'SP', 'Brasil', 'Campus Principal - Bloco B'),
('São Paulo', 'SP', 'Brasil', 'Unidade Pinheiros - Anexo I'),
('Rio de Janeiro', 'RJ', 'Brasil', 'Campus Praia Vermelha'),
('Belo Horizonte', 'MG', 'Brasil', 'Unidade Centro - Prédio Histórico'),
('Curitiba', 'PR', 'Brasil', 'Campus Rebouças - Setor de Artes'),
('Porto Alegre', 'RS', 'Brasil', 'Campus Centro - Edifício da Reitoria'),
('Salvador', 'BA', 'Brasil', 'Campus Federação - Pavilhão de Aulas 2'),
('Recife', 'PE', 'Brasil', 'Unidade Várzea - Centro de Ciências'),
('Fortaleza', 'CE', 'Brasil', 'Campus Benfica - Bloco de Letras'),
('Manaus', 'AM', 'Brasil', 'Unidade Coroado - Setor Sul'),
('Campinas', 'SP', 'Brasil', 'Campus Barão Geraldo - Bloco A'),
('Niterói', 'RJ', 'Brasil', 'Campus Gragoatá - Bloco C'),
('Ouro Preto', 'MG', 'Brasil', 'Campus Morro do Cruzeiro'),
('Florianópolis', 'SC', 'Brasil', 'Campus Trindade - Bloco de Aulas'),
('Goiânia', 'GO', 'Brasil', 'Campus Samambaia - Prédio I'),
('Lisboa', 'Lisboa', 'Portugal', 'Campus Alameda'),
('Porto', 'Porto', 'Portugal', 'Polo Asprela'),
('Buenos Aires', 'CABA', 'Argentina', 'Sede Central'),
('Córdoba', 'Córdoba', 'Argentina', 'Ciudad Universitaria'),
('Vitória', 'ES', 'Brasil', 'Campus Goiabeiras'),
('São Carlos', 'SP', 'Brasil', 'Centro de Inovação'),
('São Paulo', 'SP', 'Brasil', 'Unidade Butantã'),
('Rio de Janeiro', 'RJ', 'Brasil', 'Campus Fundão'),
('Belo Horizonte', 'MG', 'Brasil', 'Escola de Design'),
('Curitiba', 'PR', 'Brasil', 'Campus Juvevê'),
('Porto Alegre', 'RS', 'Brasil', 'Campus Saúde'),
('Salvador', 'BA', 'Brasil', 'Escola de Belas Artes'),
('Recife', 'PE', 'Brasil', 'Porto Digital'),
('Fortaleza', 'CE', 'Brasil', 'Instituto de Ciências do Mar'),
('Manaus', 'AM', 'Brasil', 'Centro de Biotecnologia');

INSERT INTO Usuario (Nome, Sobrenome, Data_Nascimento, Endereco, Sexo, Telefone, Email, Senha) VALUES
('Alberto', 'Santos', '1970-05-15', 'Rua da Ciência, 123', 'M', '(11)98765-1111', 'alberto.santos@escola.edu', 'senha_forte_123'),
('Beatriz', 'Costa', '1980-02-20', 'Av. do Saber, 456', 'F', '(21)98765-2222', 'beatriz.costa@escola.edu', 'senha_forte_123'),
('Carlos', 'Drummond', '1965-11-30', 'Rua da Poesia, 789', 'M', '(31)98765-3333', 'carlos.drummond@escola.edu', 'senha_forte_123'),
('Diana', 'Pereira', '1985-08-10', 'Praça da Lógica, 101', 'F', '(41)98765-4444', 'diana.pereira@escola.edu', 'senha_forte_123'),
('Eduardo', 'Nunes', '1978-04-25', 'Travessa dos Números, 212', 'M', '(51)98765-5555', 'eduardo.nunes@escola.edu', 'senha_forte_123'),
('Fernanda', 'Montenegro', '1969-10-16', 'Av. das Artes, 313', 'F', '(61)98765-6666', 'fernanda.m@escola.edu', 'senha_forte_123'),
('Gilberto', 'Gil', '1972-06-26', 'Rua da Harmonia, 414', 'M', '(71)98765-7777', 'gilberto.gil@escola.edu', 'senha_forte_123'),
('Helena', 'Rizzo', '1982-12-01', 'Alameda dos Sabores, 515', 'F', '(81)98765-8888', 'helena.rizzo@escola.edu', 'senha_forte_123'),
('Isaac', 'Newton', '1968-01-04', 'Rua da Gravidade, 616', 'M', '(91)98765-9999', 'isaac.newton@escola.edu', 'senha_forte_123'),
('Juliana', 'Paes', '1988-03-26', 'Praça da Dramaturgia, 717', 'F', '(12)98765-1010', 'juliana.paes@escola.edu', 'senha_forte_123'),
('Ricardo', 'Vargas', '1975-09-12', 'Av. Projetos, 100', 'M', '(11)91111-1111', 'ricardo.v@escola.edu', 'senha_forte_123'),
('Sonia', 'Guimarães', '1967-07-20', 'Rua da Física, 200', 'F', '(12)92222-2222', 'sonia.g@escola.edu', 'senha_forte_123'),
('Marcos', 'Pontes', '1973-03-11', 'Av. Espacial, 300', 'M', '(13)93333-3333', 'marcos.p@escola.edu', 'senha_forte_123'),
('Adriana', 'Lima', '1981-06-12', 'Rua da Economia, 400', 'F', '(14)94444-4444', 'adriana.l@escola.edu', 'senha_forte_123'),
('Bernardo', 'Silva', '1984-08-10', 'Rua do Marketing, 500', 'M', '(15)95555-5555', 'bernardo.s@escola.edu', 'senha_forte_123'),
('Cecília', 'Meireles', '1971-11-07', 'Rua da Literatura, 600', 'F', '(16)96666-6666', 'cecilia.m@escola.edu', 'senha_forte_123'),
('Davi', 'Alves', '1979-05-13', 'Av. da Robótica, 700', 'M', '(17)97777-7777', 'davi.a@escola.edu', 'senha_forte_123'),
('Elisa', 'Santos', '1983-09-22', 'Rua da Biologia, 800', 'F', '(18)98888-8888', 'elisa.s@escola.edu', 'senha_forte_123'),
('Fábio', 'Júnior', '1976-11-21', 'Rua da Música, 900', 'M', '(19)99999-9999', 'fabio.j@escola.edu', 'senha_forte_123'),
('Gabriela', 'Cravo', '1980-04-02', 'Av. das Especiarias, 1010', 'F', '(20)91010-1010', 'gabriela.c@escola.edu', 'senha_forte_123'),
('Heitor', 'Villa-Lobos', '1966-03-05', 'Rua da Composição, 1111', 'M', '(21)91212-1212', 'heitor.vl@escola.edu', 'senha_forte_123'),
('Isabel', 'Goulart', '1984-10-23', 'Rua da Gestão, 1212', 'F', '(22)91313-1313', 'isabel.g@escola.edu', 'senha_forte_123'),
('João', 'Cabral', '1970-01-09', 'Travessa da Morte e Vida, 1313', 'M', '(23)91414-1414', 'joao.c@escola.edu', 'senha_forte_123'),
('Karen', 'Jones', '1977-08-17', 'Rua da Sociologia, 1414', 'F', '(24)91515-1515', 'karen.j@escola.edu', 'senha_forte_123'),
('Leandro', 'Karnal', '1973-02-01', 'Av. da História, 1515', 'M', '(25)91616-1616', 'leandro.k@escola.edu', 'senha_forte_123'),
('Marta', 'Silva', '1986-02-19', 'Rua da Educação Física, 1616', 'F', '(26)91717-1717', 'marta.s@escola.edu', 'senha_forte_123'),
('Nelson', 'Rodrigues', '1962-08-23', 'Praça do Teatro, 1717', 'M', '(27)91818-1818', 'nelson.r@escola.edu', 'senha_forte_123'),
('Olga', 'Benário', '1978-02-12', 'Rua da Revolução, 1818', 'F', '(28)91919-1919', 'olga.b@escola.edu', 'senha_forte_123'),
('Paulo', 'Freire', '1971-09-19', 'Av. da Pedagogia, 1919', 'M', '(29)92020-2020', 'paulo.f@escola.edu', 'senha_forte_123'),
('Quitória', 'Chaves', '1989-01-01', 'Rua da Química, 2020', 'F', '(30)92121-2121', 'quitoria.c@escola.edu', 'senha_forte_123'),
('Raul', 'Seixas', '1975-06-28', 'Av. Maluco Beleza, 2121', 'M', '(31)92222-2222', 'raul.s@escola.edu', 'senha_forte_123'),
('Simone', 'Biles', '1987-03-14', 'Rua da Ginástica, 2222', 'F', '(32)92323-2323', 'simone.b@escola.edu', 'senha_forte_123'),
('Thiago', 'Braz', '1983-12-16', 'Rua do Atletismo, 2323', 'M', '(33)92424-2424', 'thiago.b@escola.edu', 'senha_forte_123'),
('Ursula', 'Le Guin', '1979-10-21', 'Alameda da Ficção, 2424', 'F', '(34)92525-2525', 'ursula.lg@escola.edu', 'senha_forte_123'),
('Vinicius', 'de Moraes', '1963-10-19', 'Rua Garota de Ipanema, 2525', 'M', '(35)92626-2626', 'vinicius.m@escola.edu', 'senha_forte_123'),
('Wendy', 'Carlos', '1979-11-14', 'Rua da Síntese, 2626', 'F', '(36)92727-2727', 'wendy.c@escola.edu', 'senha_forte_123'),
('Xavier', 'Alves', '1974-04-04', 'Rua X, 2727', 'M', '(37)92828-2828', 'xavier.a@escola.edu', 'senha_forte_123'),
('Yara', 'Amaral', '1980-05-16', 'Rua do Palco, 2828', 'F', '(38)92929-2929', 'yara.a@escola.edu', 'senha_forte_123'),
('Ziraldo', 'Pinto', '1972-10-24', 'Praça do Menino, 2929', 'M', '(39)93030-3030', 'ziraldo.p@escola.edu', 'senha_forte_123'),
('Ana', 'Botafogo', '1977-07-09', 'Rua do Ballet, 3030', 'F', '(40)93131-3131', 'ana.b@escola.edu', 'senha_forte_123'),
('Larissa', 'Manoela', '2003-12-28', 'Av. dos Estudantes, 1', 'F', '(11)91234-0001', 'larissa.m@email.com', 'senha_aluno_456'),
('Miguel', 'Ferreira', '2004-01-10', 'Rua do Futuro, 2', 'M', '(21)91234-0002', 'miguel.f@email.com', 'senha_aluno_456'),
('Sofia', 'Oliveira', '2003-03-05', 'Praça do Conhecimento, 3', 'F', '(31)91234-0003', 'sofia.o@email.com', 'senha_aluno_456'),
('Arthur', 'Souza', '2004-05-20', 'Travessa da Aprendizagem, 4', 'M', '(41)91234-0004', 'arthur.s@email.com', 'senha_aluno_456'),
('Júlia', 'Rodrigues', '2003-07-15', 'Alameda das Provas, 5', 'F', '(51)91234-0005', 'julia.r@email.com', 'senha_aluno_456'),
('Heitor', 'Gomes', '2004-09-01', 'Rua dos Livros, 6', 'M', '(61)91234-0006', 'heitor.g@email.com', 'senha_aluno_456'),
('Valentina', 'Martins', '2003-11-25', 'Av. da Universidade, 7', 'F', '(71)91234-0007', 'valentina.m@email.com', 'senha_aluno_456'),
('Davi', 'Lopes', '2004-02-18', 'Praça dos Calouros, 8', 'M', '(81)91234-0008', 'davi.l@email.com', 'senha_aluno_456'),
('Laura', 'Almeida', '2003-04-12', 'Rua da Biblioteca, 9', 'F', '(91)91234-0009', 'laura.a@email.com', 'senha_aluno_456'),
('Bernardo', 'Nogueira', '2004-06-30', 'Travessa do Campus, 10', 'M', '(12)91234-0010', 'bernardo.n@email.com', 'senha_aluno_456'),
('Alice', 'Ribeiro', '2003-08-14', 'Rua A, 11', 'F', '(11)91234-0011', 'alice.r@email.com', 'senha_aluno_456'),
('Gabriel', 'Carvalho', '2004-10-02', 'Rua B, 12', 'M', '(21)91234-0012', 'gabriel.c@email.com', 'senha_aluno_456'),
('Manuela', 'Pinto', '2003-12-05', 'Rua C, 13', 'F', '(31)91234-0013', 'manuela.p@email.com', 'senha_aluno_456'),
('Lucas', 'Mendes', '2004-01-20', 'Rua D, 14', 'M', '(41)91234-0014', 'lucas.m@email.com', 'senha_aluno_456'),
('Isabella', 'Correia', '2003-03-18', 'Rua E, 15', 'F', '(51)91234-0015', 'isabella.c@email.com', 'senha_aluno_456'),
('Matheus', 'Teixeira', '2004-05-22', 'Rua F, 16', 'M', '(61)91234-0016', 'matheus.t@email.com', 'senha_aluno_456'),
('Heloísa', 'Barbosa', '2003-07-28', 'Rua G, 17', 'F', '(71)91234-0017', 'heloisa.b@email.com', 'senha_aluno_456'),
('Pedro', 'Henrique', '2004-09-11', 'Rua H, 18', 'M', '(81)91234-0018', 'pedro.h@email.com', 'senha_aluno_456'),
('Maria', 'Clara', '2003-11-09', 'Rua I, 19', 'F', '(91)91234-0019', 'maria.c@email.com', 'senha_aluno_456'),
('Guilherme', 'Azevedo', '2004-12-24', 'Rua J, 20', 'M', '(12)91234-0020', 'guilherme.a@email.com', 'senha_aluno_456'),
('Lorena', 'Lima', '2003-02-08', 'Rua K, 21', 'F', '(13)91234-0021', 'lorena.l@email.com', 'senha_aluno_456'),
('Enzo', 'Gabriel', '2004-04-01', 'Rua L, 22', 'M', '(14)91234-0022', 'enzo.g@email.com', 'senha_aluno_456'),
('Maria', 'Júlia', '2003-06-06', 'Rua M, 23', 'F', '(15)91234-0023', 'maria.j@email.com', 'senha_aluno_456'),
('Bryan', 'Dias', '2004-08-10', 'Rua N, 24', 'M', '(16)91234-0024', 'bryan.d@email.com', 'senha_aluno_456'),
('Beatriz', 'Santos', '2003-10-15', 'Rua O, 25', 'F', '(17)91234-0025', 'beatriz.s@email.com', 'senha_aluno_456'),
('Nicolas', 'Rocha', '2004-11-29', 'Rua P, 26', 'M', '(18)91234-0026', 'nicolas.r@email.com', 'senha_aluno_456'),
('Mariana', 'Nunes', '2003-01-03', 'Rua Q, 27', 'F', '(19)91234-0027', 'mariana.n@email.com', 'senha_aluno_456'),
('João', 'Felipe', '2004-03-07', 'Rua R, 28', 'M', '(20)91234-0028', 'joao.f@email.com', 'senha_aluno_456'),
('Cecília', 'Alves', '2003-05-11', 'Rua S, 29', 'F', '(21)91234-0029', 'cecilia.a@email.com', 'senha_aluno_456'),
('Benício', 'Moreira', '2004-07-16', 'Rua T, 30', 'M', '(22)91234-0030', 'benicio.m@email.com', 'senha_aluno_456'),
('Maria', 'Eduarda', '2003-09-20', 'Rua U, 31', 'F', '(23)91234-0031', 'maria.e@email.com', 'senha_aluno_456'),
('Cauã', 'Cardoso', '2004-10-25', 'Rua V, 32', 'M', '(24)91234-0032', 'caua.c@email.com', 'senha_aluno_456'),
('Lara', 'Pereira', '2003-12-30', 'Rua W, 33', 'F', '(25)91234-0033', 'lara.p@email.com', 'senha_aluno_456'),
('Emanuel', 'Costa', '2004-02-04', 'Rua X, 34', 'M', '(26)91234-0034', 'emanuel.c@email.com', 'senha_aluno_456'),
('Lívia', 'Araújo', '2003-04-09', 'Rua Y, 35', 'F', '(27)91234-0035', 'livia.a@email.com', 'senha_aluno_456'),
('Isaac', 'Ramos', '2004-06-13', 'Rua Z, 36', 'M', '(28)91234-0036', 'isaac.r@email.com', 'senha_aluno_456'),
('Esther', 'Machado', '2003-08-18', 'Rua 1, 37', 'F', '(29)91234-0037', 'esther.m@email.com', 'senha_aluno_456'),
('Benjamin', 'Fernandes', '2004-10-22', 'Rua 2, 38', 'M', '(30)91234-0038', 'benjamin.f@email.com', 'senha_aluno_456'),
('Elisa', 'Castro', '2003-12-27', 'Rua 3, 39', 'F', '(31)91234-0039', 'elisa.c@email.com', 'senha_aluno_456'),
('Murilo', 'Monteiro', '2004-03-02', 'Rua 4, 40', 'M', '(32)91234-0040', 'murilo.m@email.com', 'senha_aluno_456'),
('André', 'Gonçalves', '1990-01-20', 'Rua da Administração, 10', 'M', '(11)99999-0001', 'andre.g@escola.adm.br', 'senha_admin_789'),
('Bárbara', 'Melo', '1992-05-10', 'Av. Central, 20', 'F', '(21)99999-0002', 'barbara.m@escola.adm.br', 'senha_admin_789'),
('Caio', 'Pires', '1988-11-15', 'Praça da Secretaria, 30', 'M', '(31)99999-0003', 'caio.p@escola.adm.br', 'senha_admin_789'),
('Daniela', 'Freitas', '1995-07-22', 'Travessa dos Documentos, 40', 'F', '(41)99999-0004', 'daniela.f@escola.adm.br', 'senha_admin_789'),
('Elias', 'Barros', '1985-03-12', 'Alameda da Matrícula, 50', 'M', '(51)99999-0005', 'elias.b@escola.adm.br', 'senha_admin_789'),
('Fabiana', 'Campos', '1993-09-01', 'Rua do Arquivo, 60', 'F', '(61)99999-0006', 'fabiana.c@escola.adm.br', 'senha_admin_789'),
('Gustavo', 'Henrique', '1990-02-28', 'Av. da Reitoria, 70', 'M', '(71)99999-0007', 'gustavo.h@escola.adm.br', 'senha_admin_789'),
('Helena', 'Morais', '1996-10-05', 'Praça da Tesouraria, 80', 'F', '(81)99999-0008', 'helena.m@escola.adm.br', 'senha_admin_789'),
('Igor', 'Cavalcanti', '1989-06-18', 'Rua Financeira, 90', 'M', '(91)99999-0009', 'igor.c@escola.adm.br', 'senha_admin_789'),
('Jaqueline', 'Sales', '1991-04-30', 'Travessa da Coordenação, 100', 'F', '(12)99999-0010', 'jaqueline.s@escola.adm.br', 'senha_admin_789'),
('Kleber', 'Andrade', '1987-05-14', 'Rua do RH, 110', 'M', '(13)99999-0011', 'kleber.a@escola.adm.br', 'senha_admin_789'),
('Letícia', 'Bezerra', '1994-08-22', 'Rua do Almoxarifado, 120', 'F', '(14)99999-0012', 'leticia.b@escola.adm.br', 'senha_admin_789'),
('Marcelo', 'Dantas', '1986-11-03', 'Av. dos Processos, 130', 'M', '(15)99999-0013', 'marcelo.d@escola.adm.br', 'senha_admin_789'),
('Natália', 'Farias', '1992-01-25', 'Praça do Protocolo, 140', 'F', '(16)99999-0014', 'natalia.f@escola.adm.br', 'senha_admin_789'),
('Otávio', 'Guedes', '1984-07-07', 'Rua da Manutenção, 150', 'M', '(17)99999-0015', 'otavio.g@escola.adm.br', 'senha_admin_789'),
('Patrícia', 'Holanda', '1995-12-12', 'Rua da Limpeza, 160', 'F', '(18)99999-0016', 'patricia.h@escola.adm.br', 'senha_admin_789'),
('Renato', 'Ibrahim', '1983-09-09', 'Av. da Segurança, 170', 'M', '(19)99999-0017', 'renato.i@escola.adm.br', 'senha_admin_789'),
('Sandra', 'Junqueira', '1990-10-10', 'Praça da Portaria, 180', 'F', '(20)99999-0018', 'sandra.j@escola.adm.br', 'senha_admin_789'),
('Tiago', 'Leal', '1985-04-14', 'Rua do Transporte, 190', 'M', '(21)99999-0019', 'tiago.l@escola.adm.br', 'senha_admin_789'),
('Vanessa', 'Marques', '1993-08-18', 'Alameda dos Eventos, 200', 'F', '(22)99999-0020', 'vanessa.m@escola.adm.br', 'senha_admin_789'),
('William', 'Neves', '1982-06-20', 'Rua da Cantina, 210', 'M', '(23)99999-0021', 'william.n@escola.adm.br', 'senha_admin_789'),
('Ximena', 'Oliveira', '1991-03-25', 'Rua da Gráfica, 220', 'F', '(24)99999-0022', 'ximena.o@escola.adm.br', 'senha_admin_789'),
('Yuri', 'Pinheiro', '1989-01-15', 'Av. da Comunicação, 230', 'M', '(25)99999-0023', 'yuri.p@escola.adm.br', 'senha_admin_789'),
('Zélia', 'Queiroz', '1996-11-30', 'Praça da Cultura, 240', 'F', '(26)99999-0024', 'zelia.q@escola.adm.br', 'senha_admin_789'),
('Antônio', 'Reis', '1981-02-17', 'Rua da Biblioteca Central, 250', 'M', '(27)99999-0025', 'antonio.r@escola.adm.br', 'senha_admin_789'),
('Bruna', 'Sampaio', '1994-06-21', 'Rua do Suporte Técnico, 260', 'F', '(28)99999-0026', 'bruna.s@escola.adm.br', 'senha_admin_789'),
('César', 'Tavares', '1980-12-01', 'Av. da Inovação, 270', 'M', '(29)99999-0027', 'cesar.t@escola.adm.br', 'senha_admin_789'),
('Débora', 'Uchoa', '1992-09-05', 'Praça da Acessibilidade, 280', 'F', '(30)99999-0028', 'debora.u@escola.adm.br', 'senha_admin_789'),
('Edson', 'Vasconcelos', '1983-07-29', 'Rua dos Laboratórios, 290', 'M', '(31)99999-0029', 'edson.v@escola.adm.br', 'senha_admin_789'),
('Fernanda', 'Xavier', '1990-04-03', 'Alameda da Extensão, 300', 'F', '(32)99999-0030', 'fernanda.x@escola.adm.br', 'senha_admin_789'),
('Geraldo', 'Zimmermann', '1984-10-18', 'Rua da Contabilidade, 310', 'M', '(33)99999-0031', 'geraldo.z@escola.adm.br', 'senha_admin_789'),
('Heloísa', 'Aragão', '1995-01-08', 'Av. do Bem-Estar, 320', 'F', '(34)99999-0032', 'heloisa.a@escola.adm.br', 'senha_admin_789'),
('Ícaro', 'Borges', '1988-08-08', 'Praça dos Esportes, 330', 'M', '(35)99999-0033', 'icaro.b@escola.adm.br', 'senha_admin_789'),
('Joana', 'Cunha', '1991-05-13', 'Rua das Relações Internacionais, 340', 'F', '(36)99999-0034', 'joana.c@escola.adm.br', 'senha_admin_789'),
('Laerte', 'Drummond', '1987-03-23', 'Rua do Planejamento, 350', 'M', '(37)99999-0035', 'laerte.d@escola.adm.br', 'senha_admin_789'),
('Márcia', 'Esteves', '1993-02-14', 'Alameda das Oportunidades, 360', 'F', '(38)99999-0036', 'marcia.e@escola.adm.br', 'senha_admin_789'),
('Nícolas', 'Figueiredo', '1986-09-16', 'Rua da Qualidade, 370', 'M', '(39)99999-0037', 'nicolas.f@escola.adm.br', 'senha_admin_789'),
('Olívia', 'Garcia', '1990-11-20', 'Av. da Excelência, 380', 'F', '(40)99999-0038', 'olivia.g@escola.adm.br', 'senha_admin_789'),
('Pedro', 'Hernandez', '1982-10-25', 'Praça do Futuro, 390', 'M', '(41)99999-0039', 'pedro.h@escola.adm.br', 'senha_admin_789'),
('Raquel', 'Iglesias', '1994-07-01', 'Rua da Inclusão, 400', 'F', '(42)99999-0040', 'raquel.i@escola.adm.br', 'senha_admin_789');

INSERT INTO Departamento (Nome) VALUES
('Departamento de Ciência da Computação'), ('Departamento de Matemática'), ('Departamento de Física'), ('Departamento de Química'), ('Departamento de Engenharia Civil'),
('Departamento de Engenharia Mecânica'), ('Departamento de Engenharia de Produção'), ('Departamento de Letras e Linguística'), ('Departamento de História'),
('Departamento de Filosofia'), ('Departamento de Sociologia'), ('Departamento de Administração'), ('Departamento de Economia'), ('Departamento de Artes Visuais'),
('Departamento de Música'), ('Departamento de Teatro'), ('Departamento de Psicologia'), ('Departamento de Biologia'), ('Departamento de Medicina'),
('Departamento de Enfermagem'), ('Departamento de Educação'), ('Departamento de Geografia'), ('Departamento de Direito'), ('Departamento de Comunicação Social'),
('Departamento de Educação Física'), ('Departamento de Arquitetura e Urbanismo'), ('Departamento de Estatística'), ('Departamento de Engenharia Elétrica'),
('Departamento de Engenharia de Computação'), ('Departamento de Engenharia Química'), ('Departamento de Relações Internacionais'), ('Departamento de Geologia'),
('Departamento de Farmácia'), ('Departamento de Nutrição'), ('Departamento de Antropologia'), ('Departamento de Ciência Política'), ('Departamento de Serviço Social'),
('Departamento de Turismo'), ('Departamento de Design'), ('Departamento de Meteorologia');

INSERT INTO Disciplina (Nome, Aulas_Semanais, Material_Didatico, Capacidade_Sala) VALUES
('Algoritmos e Estruturas de Dados I', 4, 'Livro: "Introduction to Algorithms" - Cormen et al.', 50),
('Cálculo I', 6, 'Livro: "Cálculo Volume 1" - James Stewart', 60),
('Física Clássica', 4, 'Livro: "Física para Cientistas e Engenheiros" - Tipler', 50),
('Química Geral', 4, 'Livro: "Princípios de Química" - Atkins', 60),
('Introdução à Engenharia Civil', 2, 'Apostilas e Normas ABNT', 40),
('Termodinâmica I', 4, 'Livro: "Fundamentos da Termodinâmica Clássica" - Van Wylen', 45),
('Gestão da Produção', 4, 'Livro: "Administração da Produção e Operações" - Slack', 50),
('Linguística I', 4, 'Livro: "Curso de Linguística Geral" - Saussure', 30),
('História do Brasil Colonial', 4, 'Textos e artigos selecionados', 35),
('Introdução à Filosofia', 4, 'Livro: "O Mundo de Sofia" - Jostein Gaarder', 40),
('Sociologia Contemporânea', 4, 'Livro: "Modernidade Líquida" - Zygmunt Bauman', 40),
('Teoria Geral da Administração', 4, 'Livro: "Introdução à Teoria Geral da Administração" - Chiavenato', 60),
('Microeconomia I', 4, 'Livro: "Princípios de Microeconomia" - Mankiw', 55),
('História da Arte Moderna', 4, 'Livro: "História da Arte" - Gombrich', 30),
('Teoria Musical', 6, 'Apostilas e partituras', 25),
('Interpretação Teatral I', 6, 'Textos teatrais clássicos e modernos', 20),
('Psicologia do Desenvolvimento', 4, 'Artigos científicos e livro base', 40),
('Biologia Celular', 4, 'Livro: "Biologia Celular e Molecular" - Alberts', 50),
('Anatomia Humana', 6, 'Atlas de Anatomia e material de laboratório', 30),
('Fundamentos de Enfermagem', 4, 'Manuais e protocolos de saúde', 35),
('Didática Geral', 4, 'Livro: "Didática" - Libâneo', 40),
('Geografia Urbana', 4, 'Artigos e mapas temáticos', 30),
('Direito Constitucional I', 4, 'Constituição Federal e doutrinas', 50),
('Teorias da Comunicação', 4, 'Textos de McLuhan, Adorno, etc.', 35),
('Cinesiologia', 4, 'Material de laboratório e apostilas', 40),
('Desenho Arquitetônico', 6, 'Software CAD e pranchetas', 25),
('Probabilidade e Estatística', 4, 'Livro: "Probabilidade: Um Curso Introdutório" - Sheldon Ross', 60),
('Circuitos Elétricos I', 4, 'Livro: "Fundamentos de Circuitos Elétricos" - Sadiku', 50),
('Sistemas Digitais', 4, 'Livro: "Sistemas Digitais: Princípios e Aplicações" - Tocci', 45),
('Balanço de Massa e Energia', 4, 'Livro: "Princípios Elementares dos Processos Químicos" - Felder', 40),
('Teoria das Relações Internacionais', 4, 'Textos clássicos (Waltz, Morgenthau)', 35),
('Geologia Geral', 4, 'Amostras de rochas e mapas geológicos', 30),
('Farmacologia Básica', 4, 'Manuais de farmacologia', 40),
('Nutrição Humana', 4, 'Tabelas de composição de alimentos e guias', 35),
('Antropologia Cultural', 4, 'Livro: "O Crisântemo e a Espada" - Ruth Benedict', 30),
('Teoria Política Clássica', 4, 'Textos de Platão, Aristóteles, Maquiavel', 40),
('Políticas Sociais no Brasil', 4, 'Legislação e artigos', 30),
('Planejamento Turístico', 4, 'Estudos de caso e planos diretores', 25),
('Design de Produto', 6, 'Software de modelagem 3D e prototipagem', 25),
('Climatologia', 4, 'Dados de estações meteorológicas e modelos', 30);

INSERT INTO Professor (ID_Usuario, Especializacao, Titulacao) VALUES
(1, 'Inteligência Artificial', 'Doutorado'), (2, 'Cálculo Diferencial e Integral', 'Doutorado'), (3, 'Literatura Brasileira', 'Mestrado'),
(4, 'Lógica de Programação', 'Doutorado'), (5, 'Álgebra Linear', 'Doutorado'), (6, 'Artes Cênicas', 'Mestrado'),
(7, 'Música Popular Brasileira', 'Notório Saber'), (8, 'Gastronomia Molecular', 'Mestrado'), (9, 'Física Quântica', 'Doutorado'),
(10, 'Teledramaturgia', 'Especialização'), (11, 'Gestão de Projetos', 'Doutorado'), (12, 'Física da Matéria Condensada', 'Doutorado'),
(13, 'Engenharia Aeroespacial', 'Mestrado'), (14, 'Macroeconomia', 'Doutorado'), (15, 'Marketing Estratégico', 'Mestrado'),
(16, 'Poesia Moderna', 'Mestrado'), (17, 'Robótica e Automação', 'Doutorado'), (18, 'Genética', 'Doutorado'),
(19, 'Música Clássica', 'Mestrado'), (20, 'Culinária Brasileira', 'Especialização'), (21, 'Música Erudita', 'Doutorado'),
(22, 'Gestão de Negócios', 'Mestrado'), (23, 'Literatura Comparada', 'Doutorado'), (24, 'Sociologia da Cultura', 'Mestrado'),
(25, 'História das Religiões', 'Doutorado'), (26, 'Ciências do Esporte', 'Mestrado'), (27, 'Dramaturgia', 'Mestrado'),
(28, 'História Política', 'Doutorado'), (29, 'Pedagogia do Oprimido', 'Doutorado'), (30, 'Química Orgânica', 'Doutorado'),
(31, 'Rock Nacional', 'Notório Saber'), (32, 'Ginástica Artística', 'Especialização'), (33, 'Atletismo', 'Mestrado'),
(34, 'Ficção Científica e Fantasia', 'Doutorado'), (35, 'Bossa Nova', 'Mestrado'), (36, 'Música Eletrônica', 'Mestrado'),
(37, 'Física de Partículas', 'Doutorado'), (38, 'Teatro do Absurdo', 'Mestrado'), (39, 'Literatura Infantil', 'Doutorado'),
(40, 'Ballet Clássico', 'Notório Saber');

INSERT INTO Aluno (ID_Usuario) VALUES
(41), (42), (43), (44), (45), (46), (47), (48), (49), (50), (51), (52), (53), (54), (55), (56), (57), (58), (59), (60),
(61), (62), (63), (64), (65), (66), (67), (68), (69), (70), (71), (72), (73), (74), (75), (76), (77), (78), (79), (80);

INSERT INTO Funcionario (ID_Usuario) VALUES
(81), (82), (83), (84), (85), (86), (87), (88), (89), (90), (91), (92), (93), (94), (95), (96), (97), (98), (99), (100),
(101), (102), (103), (104), (105), (106), (107), (108), (109), (110), (111), (112), (113), (114), (115), (116), (117), (118), (119), (120);

INSERT INTO Curso (Nome, Nivel, Carga_Horaria, Ementa, ID_Departamento) VALUES
('Ciência da Computação', 'Graduação', 3200, 'Formação de profissionais para desenvolvimento de software e estudo de algoritmos.', 1),
('Matemática', 'Graduação', 2800, 'Estudo de cálculo, álgebra e geometria.', 2),
('Física', 'Graduação', 3000, 'Estudo das leis fundamentais da natureza.', 3),
('Administração', 'Graduação', 3000, 'Formação de gestores para empresas.', 12),
('Letras - Português e Inglês', 'Graduação', 2900, 'Estudo de línguas e literaturas.', 8),
('Engenharia Civil', 'Graduação', 3600, 'Projeto e construção de edificações.', 5),
('Engenharia Mecânica', 'Graduação', 3600, 'Projeto e fabricação de sistemas mecânicos.', 6),
('Direito', 'Graduação', 3700, 'Formação de bacharéis em direito.', 23),
('Música', 'Graduação', 2400, 'Formação de músicos e compositores.', 15),
('Artes Visuais', 'Graduação', 2600, 'Desenvolvimento da expressão artística.', 14),
('Técnico em Informática', 'Técnico', 1200, 'Manutenção de computadores e redes.', 1),
('Técnico em Administração', 'Técnico', 1000, 'Apoio às atividades administrativas.', 12),
('Técnico em Enfermagem', 'Técnico', 1800, 'Formação de profissionais de apoio em enfermagem.', 20),
('Ciências Econômicas', 'Graduação', 3000, 'Estudo de modelos econômicos e financeiros.', 13),
('Psicologia', 'Graduação', 3400, 'Estudo do comportamento humano.', 17),
('Engenharia de Produção', 'Graduação', 3600, 'Otimização de processos produtivos.', 7),
('História', 'Graduação', 2800, 'Análise de processos históricos.', 9),
('Filosofia', 'Graduação', 2800, 'Estudo das grandes questões da existência.', 10),
('Comunicação Social - Publicidade', 'Graduação', 3000, 'Criação de campanhas publicitárias.', 24),
('Arquitetura e Urbanismo', 'Graduação', 3700, 'Planejamento de espaços urbanos e edificações.', 26),
('Engenharia Elétrica', 'Graduação', 3600, 'Estudo de sistemas de energia e eletrônica.', 28),
('Engenharia de Computação', 'Graduação', 3600, 'Projeto de hardware e software.', 29),
('Engenharia Química', 'Graduação', 3600, 'Desenvolvimento de processos químicos industriais.', 30),
('Ciências Biológicas', 'Graduação', 3200, 'Estudo dos seres vivos e do meio ambiente.', 18),
('Medicina', 'Graduação', 7200, 'Formação de médicos generalistas.', 19),
('Enfermagem', 'Graduação', 4000, 'Cuidado integral ao paciente.', 20),
('Pedagogia', 'Graduação', 3200, 'Formação de educadores.', 21),
('Geografia', 'Graduação', 2800, 'Estudo do espaço geográfico.', 22),
('Educação Física', 'Graduação', 3200, 'Promoção da saúde através do esporte.', 25),
('Estatística', 'Graduação', 3000, 'Coleta, análise e interpretação de dados.', 27),
('Relações Internacionais', 'Graduação', 3000, 'Estudo das relações entre nações.', 31),
('Turismo', 'Graduação', 2600, 'Gestão de atividades turísticas.', 38),
('Design Gráfico', 'Graduação', 2800, 'Criação de soluções visuais.', 39),
('Nutrição', 'Graduação', 3200, 'Ciência da alimentação e nutrição.', 34),
('Farmácia', 'Graduação', 4000, 'Estudo e produção de medicamentos.', 33),
('Ciências Sociais', 'Graduação', 2800, 'Estudo de Antropologia, Sociologia e Ciência Política.', 11),
('Técnico em Mecatrônica', 'Técnico', 1400, 'Integração de mecânica, eletrônica e software.', 6),
('Técnico em Segurança do Trabalho', 'Técnico', 1200, 'Prevenção de acidentes de trabalho.', 7),
('MBA em Gestão de Projetos', 'Pós-Graduação', 480, 'Especialização em gerenciamento de projetos.', 12),
('MBA em Marketing Digital', 'Pós-Graduação', 480, 'Especialização em estratégias de marketing online.', 12);

INSERT INTO Prazo_Entrega (ID_Disciplina, Periodo_Letivo, Data_Limite) VALUES
(1, '2025.1', '2025-03-01'), (2, '2025.1', '2025-03-01'), (3, '2025.1', '2025-03-01'), (4, '2025.1', '2025-03-01'), (5, '2025.1', '2025-03-01'),
(6, '2025.1', '2025-03-01'), (7, '2025.1', '2025-03-01'), (8, '2025.1', '2025-03-01'), (9, '2025.1', '2025-03-01'), (10, '2025.1', '2025-03-01'),
(11, '2025.1', '2025-03-01'), (12, '2025.1', '2025-03-01'), (13, '2025.1', '2025-03-01'), (14, '2025.1', '2025-03-01'), (15, '2025.1', '2025-03-01'),
(16, '2025.1', '2025-03-01'), (17, '2025.1', '2025-03-01'), (18, '2025.1', '2025-03-01'), (19, '2025.1', '2025-03-01'), (20, '2025.1', '2025-03-01'),
(21, '2025.1', '2025-03-01'), (22, '2025.1', '2025-03-01'), (23, '2025.1', '2025-03-01'), (24, '2025.1', '2025-03-01'), (25, '2025.1', '2025-03-01'),
(26, '2025.1', '2025-03-01'), (27, '2025.1', '2025-03-01'), (28, '2025.1', '2025-03-01'), (29, '2025.1', '2025-03-01'), (30, '2025.1', '2025-03-01'),
(31, '2025.1', '2025-03-01'), (32, '2025.1', '2025-03-01'), (33, '2025.1', '2025-03-01'),(34, '2025.1', '2025-03-01'), (35, '2025.1', '2025-03-01'),
(36, '2025.1', '2025-03-01'), (37, '2025.1', '2025-03-01'), (38, '2025.1', '2025-03-01'), (39, '2025.1', '2025-03-01'), (40, '2025.1', '2025-03-01'),
(1, '2025.2', '2025-08-10'), (2, '2025.2', '2025-08-10'), (3, '2025.2', '2025-08-10'), (4, '2025.2', '2025-08-10'), (5, '2025.2', '2025-08-10'),
(6, '2025.2', '2025-08-10'), (7, '2025.2', '2025-08-10'), (8, '2025.2', '2025-08-10'), (9, '2025.2', '2025-08-10'), (10, '2025.2', '2025-08-10'),
(11, '2025.2', '2025-08-10'),(12, '2025.2', '2025-08-10'), (13, '2025.2', '2025-08-10');

INSERT INTO Mensagens (Texto, ID_Remetente) VALUES
('Lembrete: A P1 de Cálculo I será na próxima segunda-feira.', 2),
('A aula de História do Brasil de amanhã foi cancelada. Atividades assíncronas serão postadas.', 16),
('Caros alunos de Algoritmos, o monitor estará disponível na quinta-feira às 14h para tirar dúvidas.', 1),
('Aviso Geral: O prazo para trancamento de matrícula do período 2025.1 termina hoje.', 81),
('Olá turma de Termodinâmica, a lista de exercícios 3 já está no portal.', 6),
('Pessoal, quem ainda não respondeu à avaliação institucional? O prazo é até sexta.', 82),
('Resultado das provas de Microeconomia I disponíveis para consulta.', 14),
('Aviso: A biblioteca fechará mais cedo na próxima sexta-feira (18h) para manutenção.', 105),
('Para a turma de Interpretação Teatral: favor trazer roupas confortáveis para a próxima aula.', 6),
('Bom dia! Apenas para confirmar, a apresentação dos seminários de Sociologia será na ordem sorteada.', 11),
('Aviso para a turma de Direito Constitucional: o material complementar está na pasta "Leituras" do sistema.', 23),
('Prezados, a palestra sobre Inteligência Artificial com o Prof. Convidado será no Auditório Principal.', 1),
('Turma de Gestão da Produção, não se esqueçam da visita técnica na próxima semana.', 7),
('Alunos do Técnico em Enfermagem, a escala de estágio no hospital escola já foi divulgada.', 20),
('Aviso Geral: Campanha de vacinação contra a gripe no campus na próxima semana.', 87),
('Para a turma de Cálculo I (2025.2), as notas da P1 foram lançadas.', 2),
('A aula de reposição de Física Clássica será no sábado, às 10h, na sala 301.', 9),
('Turma de Linguística, favor ler o capítulo 5 para a próxima aula.', 8),
('Aviso: Interrupção no fornecimento de energia no Bloco B amanhã das 8h às 10h.', 95),
('O trabalho de Química Geral deve ser entregue impresso na secretaria do departamento.', 4),
('Lembrete para a turma de Algoritmos: a entrega do trabalho prático é hoje até 23:59.', 1),
('Aviso aos formandos de 2025.1: a colação de grau será no dia 15 de agosto.', 83),
('Alguém encontrou um guarda-chuva preto na biblioteca?', 45),
('Vendo livro de Cálculo I, semi-novo, preço de desapego!', 42),
('Pessoal, vamos organizar um grupo de estudos para a prova de Direito?', 48),
('Oportunidade de estágio na área de TI, interessados procurar a coordenação do curso.', 1),
('Aviso: o sistema acadêmico estará em manutenção no domingo das 4h às 6h.', 106),
('A palestra sobre mercado financeiro foi reagendada.', 14),
('Turma de Biologia Celular, não se esqueçam do jaleco para a aula prática de amanhã.', 18),
('Aviso Geral: As matrículas para o período 2025.2 começam na próxima segunda-feira.', 85),
('Olá, Prof. Alberto. Tive um problema no envio do trabalho, posso te mandar por email?', 41),
('Sim, Larissa. Por favor, envie o quanto antes.', 1),
('Turma de Artes, a exposição dos trabalhos de vocês será no Saguão da Reitoria.', 6),
('A cantina do Bloco A terá um cardápio especial na festa junina.', 101),
('Parabéns a todos os alunos aprovados no ENADE!', 87),
('A monitoria de Física foi transferida para a sala 303.', 9),
('Lembrete: a rematrícula online é obrigatória para todos os alunos veteranos.', 85),
('A equipe de Futsal da escola precisa de novos atletas. Seletiva na quarta-feira.', 25),
('Professora Beatriz, a senhora poderia revisar minha nota da P2?', 42),
('Sim, Miguel. Por favor, passe na minha sala no horário de atendimento.', 2);

INSERT INTO Chefiar (ID_Departamento, ID_Usuario_Professor) VALUES
(1, 1), (2, 2), (3, 9), (4, 30), (5, 13), (6, 7), (7, 11), (8, 3), (9, 25), (10, 23),
(11, 24), (12, 22), (13, 14), (14, 6), (15, 21), (16, 27), (17, 10), (18, 18), (19, 12),
(20, 8), (21, 29), (22, 16), (23, 17), (24, 15), (25, 26), (26, 20), (27, 5), (28, 4),
(29, 28), (30, 19), (31, 40),
(32, 31), (33, 32), (34, 33), (35, 34), (36, 35), (37, 36), (38, 37), (39, 38), (40, 39);

INSERT INTO Local_Usuario (ID_Usuario, ID_Unidade_Escola) VALUES
(1, 1), (2, 2), (3, 3), (4, 4), (5, 5), (6, 6), (7, 7), (8, 8), (9, 9), (10, 10),
(11, 11), (12, 12), (13, 13), (14, 14), (15, 15), (16, 16), (17, 17), (18, 18), (19, 19), (20, 20),
(41, 1), (42, 2), (43, 3), (44, 4), (45, 5), (46, 6), (47, 7), (48, 8), (49, 9), (50, 10),
(81, 1), (82, 2), (83, 3), (84, 4), (85, 5), (91, 11), (92, 12), (93, 13), (94, 14), (95, 15);

INSERT INTO Local_Disciplina (ID_Disciplina, ID_Unidade_Escola) VALUES
(1, 1), (2, 1), (3, 1), (4, 2), (5, 2), (6, 2), (7, 3), (8, 3), (9, 3), (10, 4),
(11, 4), (12, 4), (13, 5), (14, 5), (15, 5), (16, 6), (17, 6), (18, 6), (19, 7), (20, 7),
(21, 7), (22, 8), (23, 8), (24, 8), (25, 9), (26, 9), (27, 9), (28, 10), (29, 10), (30, 10),
(31, 11), (32, 11), (33, 12), (34, 12), (35, 13), (36, 13), (37, 14), (38, 14), (39, 15), (40, 15);

INSERT INTO Local_Curso (ID_Curso, ID_Unidade_Escola) VALUES
(1, 1), (2, 1), (3, 2), (4, 2), (5, 3), (6, 3), (7, 4), (8, 4), (9, 5), (10, 5),
(11, 6), (12, 6), (13, 7), (14, 7), (15, 8), (16, 8), (17, 9), (18, 9), (19, 10), (20, 10),
(21, 11), (22, 11), (23, 12), (24, 12), (25, 13), (26, 13), (27, 14), (28, 14), (29, 15), (30, 15),
(31, 16), (32, 16), (33, 17), (34, 17), (35, 18), (36, 18), (37, 19), (38, 19), (39, 20), (40, 20);

INSERT INTO Curso_Disciplina (ID_Curso, ID_Disciplina) VALUES
(1, 1), (1, 2), (1, 27), (1, 29), (2, 2), (2, 3), (2, 27), (6, 2), (6, 3), (6, 5), (6, 6),
(7, 2), (7, 3), (7, 6), (4, 12), (4, 13), (4, 27), (8, 10), (8, 23), (8, 36), (5, 8), (5, 9),
(5, 10), (11, 1), (11, 29), (13, 19), (13, 20), (14, 13), (14, 27), (15, 17), (15, 35), (19, 14),
(19, 24), (20, 5), (20, 14), (20, 26), (25, 18), (25, 19), (25, 33), (21, 28);

INSERT INTO Regras_Curso (ID_Curso, Regra) VALUES
(1, 'Frequência mínima de 75% para aprovação.'), (1, 'Nota final mínima de 6.0 para aprovação.'), (1, 'Apresentação de Trabalho de Conclusão de Curso (TCC) obrigatória.'),
(2, 'A nota da P1 tem peso 1 e da P2 tem peso 2.'), (3, 'A nota da P1 tem peso 1 e da P2 tem peso 2.'), (4, 'A nota da P1 tem peso 1 e da P2 tem peso 2.'),
(5, 'A nota da P1 tem peso 1 e da P2 tem peso 2.'), (6, 'Uso obrigatório de EPIs nos laboratórios.'), (6, 'Frequência mínima de 80% nas aulas práticas.'),
(7, 'A nota da P1 tem peso 1 e da P2 tem peso 2.'), (8, 'Participação em júri simulado é componente da nota.'), (8, 'Estágio supervisionado obrigatório a partir do 7º período.'),
(9, 'A nota da P1 tem peso 1 e da P2 tem peso 2.'), (10, 'A nota da P1 tem peso 1 e da P2 tem peso 2.'),(11, 'Certificação intermediária ao final de cada módulo.'),
(12, 'A nota da P1 tem peso 1 e da P2 tem peso 2.'), (13, 'A nota da P1 tem peso 1 e da P2 tem peso 2.'), (14, 'A nota da P1 tem peso 1 e da P2 tem peso 2.'),
(15, 'A nota da P1 tem peso 1 e da P2 tem peso 2.'), (16, 'A nota da P1 tem peso 1 e da P2 tem peso 2.'), (17, 'A nota da P1 tem peso 1 e da P2 tem peso 2.'),
(18, 'A nota da P1 tem peso 1 e da P2 tem peso 2.'), (19, 'A nota da P1 tem peso 1 e da P2 tem peso 2.'), (20, 'A nota da P1 tem peso 1 e da P2 tem peso 2.'),
(21, 'A nota da P1 tem peso 1 e da P2 tem peso 2.'), (22, 'A nota da P1 tem peso 1 e da P2 tem peso 2.'), (23, 'A nota da P1 tem peso 1 e da P2 tem peso 2.'),
(24, 'A nota da P1 tem peso 1 e da P2 tem peso 2.'), (25, 'Frequência de 100% no internato médico.'), (25, 'Aprovação em todas as disciplinas do ciclo básico para avançar.'),
(26, 'A nota da P1 tem peso 1 e da P2 tem peso 2.'), (27, 'A nota da P1 tem peso 1 e da P2 tem peso 2.'), (28, 'A nota da P1 tem peso 1 e da P2 tem peso 2.'),
(29, 'A nota da P1 tem peso 1 e da P2 tem peso 2.'), (30, 'A nota da P1 tem peso 1 e da P2 tem peso 2.'), (36, 'Nota mínima 7.0 para aprovação em disciplinas de laboratório.'),
(37, 'O TCC pode ser realizado em dupla.'), (38, 'Obrigatório cursar 2 disciplinas optativas de humanidades.'), (39, 'Aprovação no exame de proficiência em inglês para obter o diploma.');

INSERT INTO Necessidade_Curso (ID_Curso, Infraestrutura) VALUES
(1, 'Laboratório de Informática com acesso à internet'), (1, 'Projetor Multimídia'), (1, 'Lousa Digital'), (1, 'Servidores para virtualização'),
(3, 'Laboratório de Física com bancadas'), (3, 'Osciloscópio'), (4, 'Laboratório de Química com capela de exaustão'), (6, 'Laboratório de Materiais de Construção'),
(6, 'Software de cálculo estrutural'), (6, 'Betoneira'), (7, 'Torno Mecânico'), (7, 'Impressora 3D'),
(8, 'Biblioteca com Vade Mecum atualizado'), (9, 'Salas com isolamento acústico'), (9, 'Piano de cauda'),(9, 'Instrumentos de percussão'),
(10, 'Ateliê de pintura e escultura'),(10, 'Forno para cerâmica'), (11, 'Bancadas para montagem de computadores'), (19, 'Estúdio de fotografia e vídeo'),
(19, 'Ilha de edição não-linear'), (20, 'Laboratório de conforto ambiental'), (20, 'Maquetaria'), (21, 'Laboratório de alta tensão'),
(22, 'Laboratório de sistemas embarcados'), (23, 'Planta piloto para processos químicos'), (24, 'Microscópios e lupas'), (24, 'Herbário'),
(25, 'Laboratório de anatomia'), (25, 'Hospital simulado'), (26, 'Leitos hospitalares para prática'), (27, 'Brinquedoteca pedagógica'),
(29, 'Quadra poliesportiva'), (29, 'Piscina semiolímpica'), (30, 'Laboratório de computação para análise estatística'), (33, 'Laboratório de design com softwares Adobe'),
(34, 'Cozinha experimental equipada'), (35, 'Bancadas para manipulação de fármacos'), (37, 'Oficina de automação'), (38, 'Equipamentos de proteção individual (EPIs)');

INSERT INTO Professor_Disciplina (ID_Usuario_Professor, ID_Disciplina, Periodo_Letivo) VALUES
(1, 1, '2025.1'), (2, 2, '2025.1'), (3, 8, '2025.1'), (4, 29, '2025.1'), (5, 27, '2025.1'),
(6, 16, '2025.1'), (7, 15, '2025.1'), (8, 20, '2025.1'), (9, 3, '2025.1'), (10, 17, '2025.1'),
(11, 7, '2025.1'), (12, 4, '2025.1'), (13, 5, '2025.1'), (14, 13, '2025.1'), (15, 12, '2025.1'),
(16, 9, '2025.1'), (17, 10, '2025.1'), (18, 18, '2025.1'), (19, 19, '2025.1'), (20, 34, '2025.1'),
(21, 21, '2025.1'), (22, 22, '2025.1'), (23, 23, '2025.1'), (24, 24, '2025.1'), (25, 25, '2025.1'),
(26, 26, '2025.1'), (27, 35, '2025.1'), (28, 28, '2025.1'), (29, 31, '2025.1'), (30, 30, '2025.1'),
(1, 1, '2025.2'), (2, 2, '2025.2'), (9, 3, '2025.2'), (11, 7, '2025.2'), (12, 4, '2025.2'),
(13, 6, '2025.2'), (14, 13, '2025.2'), (3, 8, '2025.2'), (16, 9, '2025.2'), (15, 12, '2025.2');

INSERT INTO Matricula (ID_Aluno, ID_Disciplina, Periodo_Letivo, Status, Bolsa_Estudo) VALUES
(41, 1, '2025.1', 'Concluída', NULL), (41, 2, '2025.1', 'Concluída', NULL),
(42, 2, '2025.1', 'Concluída', 'Bolsa Mérito 50%'), (42, 3, '2025.1', 'Concluída', 'Bolsa Mérito 50%'),
(43, 8, '2025.1', 'Concluída', NULL), (43, 9, '2025.1', 'Concluída', NULL),
(44, 5, '2025.1', 'Reprovada', NULL), (44, 6, '2025.1', 'Trancada', NULL),
(45, 12, '2025.1', 'Concluída', 'Desconto 25%'), (45, 13, '2025.1', 'Concluída', 'Desconto 25%'),
(46, 1, '2025.1', 'Concluída', NULL), (47, 2, '2025.1', 'Concluída', NULL),
(48, 23, '2025.1', 'Concluída', NULL), (49, 18, '2025.1', 'Concluída', NULL),
(50, 27, '2025.1', 'Concluída', 'Bolsa Iniciação Científica'), (51, 1, '2025.2', 'Ativa', NULL),
(52, 2, '2025.2', 'Ativa', NULL), (53, 3, '2025.2', 'Ativa', NULL),
(54, 4, '2025.2', 'Ativa', 'Desconto ex-aluno'),(55, 5, '2025.2', 'Ativa', NULL),
(56, 6, '2025.2', 'Ativa', NULL), (57, 7, '2025.2', 'Ativa', NULL),
(58, 8, '2025.2', 'Ativa', NULL), (59, 9, '2025.2', 'Ativa', NULL),
(60, 10, '2025.2', 'Ativa', NULL), (61, 11, '2025.1', 'Concluída', NULL),
(62, 12, '2025.1', 'Concluída', NULL), (63, 13, '2025.1', 'Concluída', 'Bolsa Mérito 50%'),
(64, 14, '2025.1', 'Concluída', 'Bolsa Mérito 50%'), (65, 15, '2025.1', 'Concluída', NULL),
(66, 16, '2025.1', 'Concluída', NULL), (67, 17, '2025.1', 'Reprovada', NULL),
(68, 18, '2025.1', 'Concluída', NULL), (69, 19, '2025.1', 'Concluída', 'Desconto 25%'),
(70, 20, '2025.1', 'Concluída', 'Desconto 25%'), (71, 21, '2025.1', 'Concluída', NULL),
(72, 22, '2025.1', 'Concluída', NULL), (73, 23, '2025.1', 'Concluída', NULL),
(74, 24, '2025.1', 'Concluída', NULL), (75, 25, '2025.1', 'Concluída', NULL);

INSERT INTO Recebe_Mensagem (ID_Usuario_Destinatario, ID_Mensagem) VALUES
(41, 1), (42, 1), (46, 1), (47, 1), (52, 16), (43, 2), (44, 3), (46, 3), (41, 21), (81, 4),
(82, 4), (83, 4), (85, 4), (44, 5), (45, 6), (41, 7), (42, 7), (43, 7), (1, 8), (2, 8),
(41, 8), (81, 8), (105, 8), (43, 9), (44, 10), (48, 11), (41, 12), (46, 12), (4, 12),
(44, 13), (45, 14), (1, 15), (2, 15), (41, 15), (81, 15), (87, 15), (1, 31), (41, 32), (2, 40);

INSERT INTO Avaliacao (ID_Aluno, ID_Professor, ID_Disciplina, Comentario) VALUES
(41, 1, 1, 'Ótimo professor, explica muito bem. A matéria é difícil, mas ele ajuda muito.'),
(41, 2, 2, 'O professor é bom, mas corre um pouco com a matéria. O livro indicado é excelente.'),
(42, 2, 2, 'Didática impecável. A matéria fluiu naturalmente.'),
(42, 9, 3, 'As aulas são muito interessantes, mas poderiam ter mais recursos visuais.'),
(44, 13, 5, 'Não consegui acompanhar o ritmo da disciplina.'),
(46, 1, 1, 'Melhor disciplina do curso até agora. O professor domina o assunto.'),
(47, 2, 2, 'Achei a prova muito difícil, desproporcional ao que foi dado em aula.'),
(50, 5, 27, 'Professor excelente, tornou uma matéria complexa em algo compreensível.'),
(61, 12, 11, 'As aulas foram boas, mas o material didático era confuso.'),
(62, 15, 12, 'Adorei a disciplina! Professor muito engajado e dinâmico.'),
(63, 14, 13, 'A matéria é muito relevante, mas as aulas foram um pouco monótonas.'),
(64, 6, 14, 'O professor tem muito conhecimento, mas a avaliação foi muito puxada.'),
(65, 7, 15, 'A infraestrutura do laboratório de música precisa de melhorias.'),
(66, 6, 16, 'Aula muito prática e divertida, aprendi bastante.'),
(67, 10, 17, 'Achei o conteúdo muito teórico e com poucos exemplos práticos.'),
(68, 18, 18, 'O laboratório de biologia é excelente, mas o professor poderia usar mais o projetor.'),
(69, 12, 19, 'Matéria muito difícil, mas o professor foi paciente.'),
(70, 20, 20, 'Aulas práticas foram o ponto alto, mas a teoria foi corrida.'),
(71, 29, 21, 'Disciplina essencial para a formação.'),
(72, 16, 22, 'Gostei muito dos debates em sala de aula.'),
(73, 17, 23, 'Professor com ótima didática, mas a sala de aula era muito quente.'),
(74, 15, 24, 'Conteúdo muito denso para um semestre.'),
(41, 4, 29, 'Gostei da disciplina, foi bem prática.'),
(42, 5, 27, 'Muito bom!'),
(43, 3, 8, 'A professora é fantástica.'),
(44, 2, 2, 'Reprovei, mas a culpa foi minha. O professor é bom.'),
(45, 14, 13, 'Poderia ser melhor.'),
(46, 2, 2, 'Cálculo é difícil, mas o professor ajuda.'),
(47, 9, 3, 'As aulas práticas no laboratório são ótimas.'),
(48, 17, 23, 'Muito conteúdo para decorar.'),
(49, 18, 18, 'Amei as aulas no microscópio.'),
(51, 1, 1, 'Cursando de novo (2025.2), agora vai!'),
(52, 2, 2, 'O monitor me ajudou muito a ser aprovado.'),
(53, 9, 3, 'Física não é pra mim, mas o professor se esforça.'),
(54, 12, 4, 'As aulas de laboratório são a melhor parte.'),
(55, 13, 5, 'Gostei da introdução ao curso.'),
(56, 13, 6, 'Matéria muito importante e bem explicada.'),
(57, 11, 7, 'As visitas técnicas foram muito boas.'),
(58, 3, 8, 'A professora sabe muito, mas fala baixo.'),
(59, 16, 9, 'As leituras são cansativas, mas as discussões são ricas.');

INSERT INTO Desempenho (ID_Aluno, ID_Disciplina, Periodo_Letivo, Nota) VALUES
(41, 1, '2025.1', 8.50), (41, 2, '2025.1', 7.00), (42, 2, '2025.1', 9.00), (42, 3, '2025.1', 8.00),
(43, 8, '2025.1', 7.50), (43, 9, '2025.1', 8.80), (44, 5, '2025.1', 4.50), (45, 12, '2025.1', 6.00),
(45, 13, '2025.1', 7.20), (46, 1, '2025.1', 9.50), (47, 2, '2025.1', 6.00), (48, 23, '2025.1', 7.00),
(49, 18, '2025.1', 9.20), (50, 27, '2025.1', 10.00), (61, 11, '2025.1', 8.00), (62, 12, '2025.1', 7.50),
(63, 13, '2025.1', 9.50), (64, 14, '2025.1', 8.50), (65, 15, '2025.1', 9.80), (66, 16, '2025.1', 8.10),
(67, 17, '2025.1', 3.00), (68, 18, '2025.1', 7.00), (69, 19, '2025.1', 7.70), (70, 20, '2025.1', 8.30),
(71, 21, '2025.1', 9.00), (72, 22, '2025.1', 6.50), (73, 23, '2025.1', 7.90), (74, 24, '2025.1', 8.00),
(75, 25, '2025.1', 8.50), 
(51, 1, '2025.2', NULL), (52, 2, '2025.2', NULL), (53, 3, '2025.2', NULL), (54, 4, '2025.2', NULL), (55, 5, '2025.2', NULL),
(56, 6, '2025.2', NULL), (57, 7, '2025.2', NULL), (58, 8, '2025.2', NULL), (59, 9, '2025.2', NULL), (60, 10, '2025.2', NULL);

INSERT INTO Notas_Avaliacao (ID_Avaliacao, Nota_Didatica, Nota_Material, Nota_Relevancia, Nota_Infraestrutura) VALUES
(1, 5, 5, 5, 4), (2, 4, 5, 5, 5), (3, 5, 5, 5, 5), (4, 4, 3, 5, 4), (5, 2, 3, 4, 5),
(6, 5, 4, 5, 4), (7, 3, 4, 5, 5), (8, 5, 5, 5, 5), (9, 4, 2, 4, 4), (10, 5, 4, 5, 3),
(11, 3, 5, 5, 5), (12, 4, 4, 4, 4), (13, 5, 3, 5, 2), (14, 5, 5, 4, 5), (15, 3, 3, 3, 4),
(16, 4, 5, 5, 5), (17, 4, 4, 5, 5), (18, 3, 4, 5, 5), (19, 5, 4, 5, 4), (20, 5, 4, 4, 3),
(21, 4, 5, 5, 2), (22, 3, 3, 4, 4), (23, 4, 4, 5, 5), (24, 5, 5, 5, 5), (25, 5, 4, 5, 4),
(26, 3, 4, 5, 5), (27, 3, 3, 5, 4), (28, 4, 5, 5, 5), (29, 5, 5, 5, 5), (30, 3, 4, 4, 4),
(31, 5, 5, 5, 5), (32, 4, 4, 5, 4), (33, 4, 5, 5, 5), (34, 3, 4, 3, 5), (35, 5, 5, 5, 5),
(36, 4, 4, 5, 4), (37, 5, 4, 5, 4), (38, 4, 3, 5, 4), (39, 3, 5, 4, 4), (40, 4, 3, 5, 3);